[{"model": "admin.logentry", "pk": 1, "fields": {"action_time": "2025-09-30T22:29:02.093Z", "user": 2, "content_type": 11, "object_id": "1", "object_repr": "목풀기", "action_flag": 1, "change_message": "[{\"added\": {}}]"}}, {"model": "admin.logentry", "pk": 2, "fields": {"action_time": "2025-09-30T22:29:11.171Z", "user": 2, "content_type": 12, "object_id": "1", "object_repr": "목풀기 - videos/neckstretch_5jgXLLw.mp4", "action_flag": 1, "change_message": "[{\"added\": {}}]"}}, {"model": "admin.logentry", "pk": 3, "fields": {"action_time": "2025-09-30T22:37:04.956Z", "user": 2, "content_type": 11, "object_id": "2", "object_repr": "어깨풀기", "action_flag": 1, "change_message": "[{\"added\": {}}]"}}, {"model": "admin.logentry", "pk": 4, "fields": {"action_time": "2025-09-30T22:37:13.711Z", "user": 2, "content_type": 12, "object_id": "2", "object_repr": "어깨풀기 - videos/shoulderstretch_0lAhD0O.mp4", "action_flag": 1, "change_message": "[{\"added\": {}}]"}}, {"model": "admin.logentry", "pk": 5, "fields": {"action_time": "2025-10-01T01:29:02.432Z", "user": 2, "content_type": 11, "object_id": "1", "object_repr": "목풀기", "action_flag": 1, "change_message": "[{\"added\": {}}]"}}, {"model": "admin.logentry", "pk": 6, "fields": {"action_time": "2025-10-01T01:29:11.199Z", "user": 2, "content_type": 12, "object_id": "1", "object_repr": "목풀기 - videos/neckstretch_v5Xlmvv.mp4", "action_flag": 1, "change_message": "[{\"added\": {}}]"}}, {"model": "admin.logentry", "pk": 7, "fields": {"action_time": "2025-10-01T01:45:25.568Z", "user": 2, "content_type": 11, "object_id": "1", "object_repr": "목풀기", "action_flag": 1, "change_message": "[{\"added\": {}}]"}}, {"model": "admin.logentry", "pk": 8, "fields": {"action_time": "2025-10-01T01:45:35.807Z", "user": 2, "content_type": 12, "object_id": "1", "object_repr": "목풀기 - videos/neckstretch_6XBGkMd.mp4", "action_flag": 1, "change_message": "[{\"added\": {}}]"}}, {"model": "admin.logentry", "pk": 9, "fields": {"action_time": "2025-10-02T02:51:54.308Z", "user": 2, "content_type": 11, "object_id": "2", "object_repr": "어깨풀기", "action_flag": 1, "change_message": "[{\"added\": {}}]"}}, {"model": "admin.logentry", "pk": 10, "fields": {"action_time": "2025-10-02T02:52:04.016Z", "user": 2, "content_type": 12, "object_id": "2", "object_repr": "어깨풀기 - videos/shoulderstretch_bNrlx1w.mp4", "action_flag": 1, "change_message": "[{\"added\": {}}]"}}, {"model": "auth.permission", "pk": 1, "fields": {"name": "Can add log entry", "content_type": 1, "codename": "add_logentry"}}, {"model": "auth.permission", "pk": 2, "fields": {"name": "Can change log entry", "content_type": 1, "codename": "change_logentry"}}, {"model": "auth.permission", "pk": 3, "fields": {"name": "Can delete log entry", "content_type": 1, "codename": "delete_logentry"}}, {"model": "auth.permission", "pk": 4, "fields": {"name": "Can view log entry", "content_type": 1, "codename": "view_logentry"}}, {"model": "auth.permission", "pk": 5, "fields": {"name": "Can add permission", "content_type": 2, "codename": "add_permission"}}, {"model": "auth.permission", "pk": 6, "fields": {"name": "Can change permission", "content_type": 2, "codename": "change_permission"}}, {"model": "auth.permission", "pk": 7, "fields": {"name": "Can delete permission", "content_type": 2, "codename": "delete_permission"}}, {"model": "auth.permission", "pk": 8, "fields": {"name": "Can view permission", "content_type": 2, "codename": "view_permission"}}, {"model": "auth.permission", "pk": 9, "fields": {"name": "Can add group", "content_type": 3, "codename": "add_group"}}, {"model": "auth.permission", "pk": 10, "fields": {"name": "Can change group", "content_type": 3, "codename": "change_group"}}, {"model": "auth.permission", "pk": 11, "fields": {"name": "Can delete group", "content_type": 3, "codename": "delete_group"}}, {"model": "auth.permission", "pk": 12, "fields": {"name": "Can view group", "content_type": 3, "codename": "view_group"}}, {"model": "auth.permission", "pk": 13, "fields": {"name": "Can add user", "content_type": 4, "codename": "add_user"}}, {"model": "auth.permission", "pk": 14, "fields": {"name": "Can change user", "content_type": 4, "codename": "change_user"}}, {"model": "auth.permission", "pk": 15, "fields": {"name": "Can delete user", "content_type": 4, "codename": "delete_user"}}, {"model": "auth.permission", "pk": 16, "fields": {"name": "Can view user", "content_type": 4, "codename": "view_user"}}, {"model": "auth.permission", "pk": 17, "fields": {"name": "Can add content type", "content_type": 5, "codename": "add_contenttype"}}, {"model": "auth.permission", "pk": 18, "fields": {"name": "Can change content type", "content_type": 5, "codename": "change_contenttype"}}, {"model": "auth.permission", "pk": 19, "fields": {"name": "Can delete content type", "content_type": 5, "codename": "delete_contenttype"}}, {"model": "auth.permission", "pk": 20, "fields": {"name": "Can view content type", "content_type": 5, "codename": "view_contenttype"}}, {"model": "auth.permission", "pk": 21, "fields": {"name": "Can add session", "content_type": 6, "codename": "add_session"}}, {"model": "auth.permission", "pk": 22, "fields": {"name": "Can change session", "content_type": 6, "codename": "change_session"}}, {"model": "auth.permission", "pk": 23, "fields": {"name": "Can delete session", "content_type": 6, "codename": "delete_session"}}, {"model": "auth.permission", "pk": 24, "fields": {"name": "Can view session", "content_type": 6, "codename": "view_session"}}, {"model": "auth.permission", "pk": 25, "fields": {"name": "Can add Token", "content_type": 7, "codename": "add_token"}}, {"model": "auth.permission", "pk": 26, "fields": {"name": "Can change Token", "content_type": 7, "codename": "change_token"}}, {"model": "auth.permission", "pk": 27, "fields": {"name": "Can delete Token", "content_type": 7, "codename": "delete_token"}}, {"model": "auth.permission", "pk": 28, "fields": {"name": "Can view Token", "content_type": 7, "codename": "view_token"}}, {"model": "auth.permission", "pk": 29, "fields": {"name": "Can add Token", "content_type": 8, "codename": "add_tokenproxy"}}, {"model": "auth.permission", "pk": 30, "fields": {"name": "Can change Token", "content_type": 8, "codename": "change_tokenproxy"}}, {"model": "auth.permission", "pk": 31, "fields": {"name": "Can delete Token", "content_type": 8, "codename": "delete_tokenproxy"}}, {"model": "auth.permission", "pk": 32, "fields": {"name": "Can view Token", "content_type": 8, "codename": "view_tokenproxy"}}, {"model": "auth.permission", "pk": 33, "fields": {"name": "Can add 감정 기록", "content_type": 9, "codename": "add_emotionrecord"}}, {"model": "auth.permission", "pk": 34, "fields": {"name": "Can change 감정 기록", "content_type": 9, "codename": "change_emotionrecord"}}, {"model": "auth.permission", "pk": 35, "fields": {"name": "Can delete 감정 기록", "content_type": 9, "codename": "delete_emotionrecord"}}, {"model": "auth.permission", "pk": 36, "fields": {"name": "Can view 감정 기록", "content_type": 9, "codename": "view_emotionrecord"}}, {"model": "auth.permission", "pk": 37, "fields": {"name": "Can add profile", "content_type": 10, "codename": "add_profile"}}, {"model": "auth.permission", "pk": 38, "fields": {"name": "Can change profile", "content_type": 10, "codename": "change_profile"}}, {"model": "auth.permission", "pk": 39, "fields": {"name": "Can delete profile", "content_type": 10, "codename": "delete_profile"}}, {"model": "auth.permission", "pk": 40, "fields": {"name": "Can view profile", "content_type": 10, "codename": "view_profile"}}, {"model": "auth.permission", "pk": 41, "fields": {"name": "Can add sports", "content_type": 11, "codename": "add_sports"}}, {"model": "auth.permission", "pk": 42, "fields": {"name": "Can change sports", "content_type": 11, "codename": "change_sports"}}, {"model": "auth.permission", "pk": 43, "fields": {"name": "Can delete sports", "content_type": 11, "codename": "delete_sports"}}, {"model": "auth.permission", "pk": 44, "fields": {"name": "Can view sports", "content_type": 11, "codename": "view_sports"}}, {"model": "auth.permission", "pk": 45, "fields": {"name": "Can add emotion video", "content_type": 12, "codename": "add_emotionvideo"}}, {"model": "auth.permission", "pk": 46, "fields": {"name": "Can change emotion video", "content_type": 12, "codename": "change_emotionvideo"}}, {"model": "auth.permission", "pk": 47, "fields": {"name": "Can delete emotion video", "content_type": 12, "codename": "delete_emotionvideo"}}, {"model": "auth.permission", "pk": 48, "fields": {"name": "Can view emotion video", "content_type": 12, "codename": "view_emotionvideo"}}, {"model": "auth.user", "pk": 1, "fields": {"password": "", "last_login": null, "is_superuser": false, "username": "kakao_None", "first_name": "", "last_name": "", "email": "", "is_staff": false, "is_active": true, "date_joined": "2025-09-27T13:00:28.911Z", "groups": [], "user_permissions": []}}, {"model": "auth.user", "pk": 2, "fields": {"password": "pbkdf2_sha256$600000$sAx4VhylMPp4tzcQ0WAG4Q$GNaLx/5I0THJ4t4dyWydHnaux7km6VRVGtDUtNT8Kz4=", "last_login": "2025-10-02T02:51:01.704Z", "is_superuser": true, "username": "super", "first_name": "", "last_name": "", "email": "", "is_staff": true, "is_active": true, "date_joined": "2025-09-27T13:02:37.548Z", "groups": [], "user_permissions": []}}, {"model": "auth.user", "pk": 3, "fields": {"password": "pbkdf2_sha256$600000$dVOahA3npvmSBhr8vw2KvR$3snGFTyAxt0qbbMSvNnPbrufpwndTwkKn1ydJ56bP/I=", "last_login": null, "is_superuser": false, "username": "qwer", "first_name": "", "last_name": "", "email": "qwer@qwer.com", "is_staff": false, "is_active": true, "date_joined": "2025-09-27T13:46:08.341Z", "groups": [], "user_permissions": []}}, {"model": "auth.user", "pk": 4, "fields": {"password": "", "last_login": null, "is_superuser": false, "username": "kakao_4468753130", "first_name": "", "last_name": "", "email": "", "is_staff": false, "is_active": true, "date_joined": "2025-09-27T13:52:07.730Z", "groups": [], "user_permissions": []}}, {"model": "auth.user", "pk": 5, "fields": {"password": "pbkdf2_sha256$600000$JBHaTM8XXqSDwAS6Ntlycy$gNQ6g01UVMarGk3ga/wAf4SgS3d1E3k3POck2LUJlHg=", "last_login": null, "is_superuser": false, "username": "qw_er", "first_name": "", "last_name": "", "email": "te@te.com", "is_staff": false, "is_active": true, "date_joined": "2025-09-29T04:24:36.126Z", "groups": [], "user_permissions": []}}, {"model": "auth.user", "pk": 6, "fields": {"password": "pbkdf2_sha256$600000$q3Q3TKXIOAg9JIJZ9d3rQ6$k+uGSQ3wZXXj6yxeNWye8mIOFH+IbdPQf2hYcjM4XLE=", "last_login": null, "is_superuser": false, "username": "test_user", "first_name": "", "last_name": "", "email": "test1@test1.com", "is_staff": false, "is_active": true, "date_joined": "2025-09-29T04:39:06.819Z", "groups": [], "user_permissions": []}}, {"model": "auth.user", "pk": 7, "fields": {"password": "pbkdf2_sha256$600000$jXKH4bkscNWhPXhGSqxP6Z$3m8E89Bpqd79uCPDmkT86uVpMPitbEJ8kEqRNzIC41A=", "last_login": null, "is_superuser": false, "username": "testuser2", "first_name": "", "last_name": "", "email": "test2@test.com", "is_staff": false, "is_active": true, "date_joined": "2025-09-29T04:40:35.951Z", "groups": [], "user_permissions": []}}, {"model": "auth.user", "pk": 8, "fields": {"password": "pbkdf2_sha256$600000$u7xkItxTXAxdlvovRbQfJO$3/jbF8BtReBLrCVv2L1wQWrYZcl0Bgah6oCfHZHRGBk=", "last_login": null, "is_superuser": false, "username": "testuser3", "first_name": "", "last_name": "", "email": "test3@test3.com", "is_staff": false, "is_active": true, "date_joined": "2025-09-29T04:44:51.227Z", "groups": [], "user_permissions": []}}, {"model": "auth.user", "pk": 9, "fields": {"password": "pbkdf2_sha256$600000$cy8gbMoJflOh6kgfwnkSPt$CT7xJx44q6n4U8uC0yuJbZ0THQtJC7bX1NN8JJPkE/A=", "last_login": null, "is_superuser": false, "username": "testuser4", "first_name": "", "last_name": "", "email": "test4@test4.com", "is_staff": false, "is_active": true, "date_joined": "2025-09-29T04:45:58.137Z", "groups": [], "user_permissions": []}}, {"model": "auth.user", "pk": 10, "fields": {"password": "pbkdf2_sha256$600000$HORHufVSqlXBmV7IuGtqS5$c6D8LYbZG9+FT1rGAux0YHpvqUlJyNVsTfBl7nQPaGg=", "last_login": null, "is_superuser": false, "username": "testuser5", "first_name": "", "last_name": "", "email": "test5@teset5.com", "is_staff": false, "is_active": true, "date_joined": "2025-09-29T05:44:00.311Z", "groups": [], "user_permissions": []}}, {"model": "auth.user", "pk": 11, "fields": {"password": "pbkdf2_sha256$600000$mfKW3YgOdKgAsccr2LQuDs$xDUDDYcLntjY7cmYUxh4UbSPf/zDXdxUMBXiokZ/i10=", "last_login": null, "is_superuser": false, "username": "chngwon", "first_name": "", "last_name": "", "email": "ch@ch.com", "is_staff": false, "is_active": true, "date_joined": "2025-09-29T06:36:57.117Z", "groups": [], "user_permissions": []}}, {"model": "auth.user", "pk": 12, "fields": {"password": "pbkdf2_sha256$600000$go015f21b5Uc3r7OmsjbOz$R0j7iNIUNg1Jj2Yg92bzuVUwfGNVDOowR/aCxW2Q4R4=", "last_login": null, "is_superuser": false, "username": "testuser7", "first_name": "", "last_name": "", "email": "test7@test7.com", "is_staff": false, "is_active": true, "date_joined": "2025-09-30T22:29:50.457Z", "groups": [], "user_permissions": []}}, {"model": "auth.user", "pk": 13, "fields": {"password": "pbkdf2_sha256$600000$g3cCEJNWHQvulAVfcKYIa8$FgStGsNWod1eY54IBQn0Q6ckYLLShdzC83qWnrW6hpY=", "last_login": null, "is_superuser": false, "username": "testuser8", "first_name": "", "last_name": "", "email": "test8@test8.com", "is_staff": false, "is_active": true, "date_joined": "2025-09-30T22:59:09.581Z", "groups": [], "user_permissions": []}}, {"model": "auth.user", "pk": 14, "fields": {"password": "pbkdf2_sha256$600000$7FwPjEBsRTxfY6EgRPUCli$w7QQrCJnzTG8sJWSEdF3gz/d7JUjJ4OhPvYe9AWI35Y=", "last_login": null, "is_superuser": false, "username": "qwer11", "first_name": "", "last_name": "", "email": "qwer11@qwer11.com", "is_staff": false, "is_active": true, "date_joined": "2025-10-01T04:40:59.121Z", "groups": [], "user_permissions": []}}, {"model": "auth.user", "pk": 15, "fields": {"password": "pbkdf2_sha256$600000$HTBHNSFGLskiAP5nwwuQs2$zBuxvDEBsVRdAxvhc2TAPD7QQSkqLuEklS/HE8JpEik=", "last_login": null, "is_superuser": false, "username": "test11", "first_name": "", "last_name": "", "email": "test11@test11.com", "is_staff": false, "is_active": true, "date_joined": "2025-10-01T05:10:41.967Z", "groups": [], "user_permissions": []}}, {"model": "auth.user", "pk": 16, "fields": {"password": "pbkdf2_sha256$600000$PShK03ZyiF3RK0c9fsTEAI$NF2lM7IHdTmXb9SnGD3U33MUb9LScJMQW+mkhYo2Acc=", "last_login": null, "is_superuser": false, "username": "testuser22", "first_name": "", "last_name": "", "email": "test22@test22.com", "is_staff": false, "is_active": true, "date_joined": "2025-10-01T05:12:02.451Z", "groups": [], "user_permissions": []}}, {"model": "auth.user", "pk": 17, "fields": {"password": "pbkdf2_sha256$600000$r7mkiRFrO74i5DN4IPc8uD$r0trU0eY7mESX31uthAZsg7lfS60lZshTqdXI32CL64=", "last_login": null, "is_superuser": false, "username": "dummy", "first_name": "", "last_name": "", "email": "dummy@dummy.com", "is_staff": false, "is_active": true, "date_joined": "2025-10-01T05:36:47.759Z", "groups": [], "user_permissions": []}}, {"model": "auth.user", "pk": 18, "fields": {"password": "pbkdf2_sha256$600000$fgGPQb9Yzg6kfpRirBZsJB$hzh0rqitoZAqVa2TebvwSzHRg2U3469qSnzzQiWvW6Q=", "last_login": null, "is_superuser": false, "username": "abcduser", "first_name": "", "last_name": "", "email": "abcd@abcd.com", "is_staff": false, "is_active": true, "date_joined": "2025-10-01T14:01:07.180Z", "groups": [], "user_permissions": []}}, {"model": "auth.user", "pk": 19, "fields": {"password": "pbkdf2_sha256$600000$WO3VboSLQyzlkfQOzB3yWt$3mSA/qC0xKByy1asl79i9FkfiDIzvsEKbTJk/iQHnRM=", "last_login": null, "is_superuser": false, "username": "abcduset", "first_name": "", "last_name": "", "email": "abce@abce.com", "is_staff": false, "is_active": true, "date_joined": "2025-10-01T14:02:53.693Z", "groups": [], "user_permissions": []}}, {"model": "auth.user", "pk": 20, "fields": {"password": "pbkdf2_sha256$600000$XcYzPuB6vQK7WqISLudyA2$yTeEHXJZnugF2RXwn0wo3Oc5AbX17P0L80a3RS7j140=", "last_login": null, "is_superuser": false, "username": "aiuser", "first_name": "", "last_name": "", "email": "ai@ai.com", "is_staff": false, "is_active": true, "date_joined": "2025-10-02T07:59:29.782Z", "groups": [], "user_permissions": []}}, {"model": "auth.user", "pk": 21, "fields": {"password": "pbkdf2_sha256$600000$IGhyrrfO9hxEBDVdNN9C19$bQXwL96OxTTvNWCraJv/TSn+F5pCdUwC5+MJYXTLu6w=", "last_login": null, "is_superuser": false, "username": "hihi", "first_name": "", "last_name": "", "email": "hi@hi.com", "is_staff": false, "is_active": true, "date_joined": "2025-10-02T08:25:12.104Z", "groups": [], "user_permissions": []}}, {"model": "auth.user", "pk": 22, "fields": {"password": "pbkdf2_sha256$600000$jhLcQfoA51YyL8yE5oO4un$UGwp+1vDpM7h1YkFKQ5WIxKWFVNFuFgKL1xDSZEzU34=", "last_login": null, "is_superuser": false, "username": "abcdefgh", "first_name": "", "last_name": "", "email": "alpha@alpha.com", "is_staff": false, "is_active": true, "date_joined": "2025-10-02T16:58:54.611Z", "groups": [], "user_permissions": []}}, {"model": "contenttypes.contenttype", "pk": 1, "fields": {"app_label": "admin", "model": "logentry"}}, {"model": "contenttypes.contenttype", "pk": 2, "fields": {"app_label": "auth", "model": "permission"}}, {"model": "contenttypes.contenttype", "pk": 3, "fields": {"app_label": "auth", "model": "group"}}, {"model": "contenttypes.contenttype", "pk": 4, "fields": {"app_label": "auth", "model": "user"}}, {"model": "contenttypes.contenttype", "pk": 5, "fields": {"app_label": "contenttypes", "model": "contenttype"}}, {"model": "contenttypes.contenttype", "pk": 6, "fields": {"app_label": "sessions", "model": "session"}}, {"model": "contenttypes.contenttype", "pk": 7, "fields": {"app_label": "authtoken", "model": "token"}}, {"model": "contenttypes.contenttype", "pk": 8, "fields": {"app_label": "authtoken", "model": "tokenproxy"}}, {"model": "contenttypes.contenttype", "pk": 9, "fields": {"app_label": "emodia", "model": "emotionrecord"}}, {"model": "contenttypes.contenttype", "pk": 10, "fields": {"app_label": "profiles", "model": "profile"}}, {"model": "contenttypes.contenttype", "pk": 11, "fields": {"app_label": "emodia", "model": "sports"}}, {"model": "contenttypes.contenttype", "pk": 12, "fields": {"app_label": "emodia", "model": "emotionvideo"}}, {"model": "sessions.session", "pk": "3qqnp83jqsicxyiugukvw8zj80u590ks", "fields": {"session_data": "e30:1v49PJ:3E3ML6w9_CrBkTZsxzq855CvhpFu2RoMvTZhMeJ223Y", "expire_date": "2025-10-16T02:51:01.683Z"}}, {"model": "sessions.session", "pk": "qntpjxh3esby2z03pnazgoun4lr5l4g2", "fields": {"session_data": ".eJxVjEEOwiAQRe_C2pBip4Au3fcMZIYZpGogKe3KeHfbpAvdvvf-f6uA65LD2mQOE6urOqvTLyOMTym74AeWe9WxlmWeSO-JPmzTY2V53Y727yBjy9ua-ILGJPTkKdre8gb66BO7HiwQemfTAIMFkYiuAzEgINakDpIY9OrzBQiaOJ0:1v2UZj:yLa8HZaHszoBHZy-YNwNmCgVYJjs4gwt4gDHIILRBrI", "expire_date": "2025-10-11T13:02:55.858Z"}}, {"model": "sessions.session", "pk": "ylz6km3xuy58cq32do39zvrhbbvk4uw9", "fields": {"session_data": "e30:1v49P9:IMsU5_PGTk9OhQt1WX2cnfZeE2QAGZUJljhG1lru6E4", "expire_date": "2025-10-16T02:50:51.680Z"}}, {"model": "emodia.sports", "pk": 1, "fields": {"name": "목풀기"}}, {"model": "emodia.sports", "pk": 2, "fields": {"name": "어깨풀기"}}, {"model": "emodia.emotionvideo", "pk": 1, "fields": {"sports": 1, "video": "videos/neckstretch_6XBGkMd.mp4", "created_at": "2025-10-01T01:45:35.807Z"}}, {"model": "emodia.emotionvideo", "pk": 2, "fields": {"sports": 2, "video": "videos/shoulderstretch_bNrlx1w.mp4", "created_at": "2025-10-02T02:52:04.005Z"}}, {"model": "emodia.emotionrecord", "pk": 1, "fields": {"user": 1, "date": "2025-10-01", "emotion": "sad", "emotion_score": 0, "memo": null, "created_at": "2025-10-01T01:48:02.823Z", "updated_at": "2025-10-01T01:48:02.823Z", "sports": 1}}, {"model": "emodia.emotionrecord", "pk": 3, "fields": {"user": 3, "date": "2025-09-30", "emotion": "sad", "emotion_score": 0, "memo": "", "created_at": "2025-10-01T01:49:12.105Z", "updated_at": "2025-10-01T01:49:12.105Z", "sports": 1}}, {"model": "emodia.emotionrecord", "pk": 4, "fields": {"user": 20, "date": "2025-10-01", "emotion": "sad", "emotion_score": 0, "memo": "", "created_at": "2025-10-02T07:59:54.605Z", "updated_at": "2025-10-02T07:59:54.605Z", "sports": 1}}, {"model": "emodia.emotionrecord", "pk": 5, "fields": {"user": 20, "date": "2025-10-02", "emotion": "sad", "emotion_score": 0, "memo": "", "created_at": "2025-10-02T08:19:50.680Z", "updated_at": "2025-10-02T08:19:50.680Z", "sports": 1}}, {"model": "emodia.emotionrecord", "pk": 6, "fields": {"user": 21, "date": "2025-10-02", "emotion": "sad", "emotion_score": 0, "memo": ".", "created_at": "2025-10-02T08:25:26.486Z", "updated_at": "2025-10-02T08:25:26.486Z", "sports": 1}}, {"model": "profiles.profile", "pk": 1, "fields": {"user": 5, "main_goal": null, "routine_time": null, "created_at": "2025-09-29T04:24:36.227Z", "updated_at": "2025-09-29T04:24:36.227Z"}}, {"model": "profiles.profile", "pk": 2, "fields": {"user": 6, "main_goal": null, "routine_time": null, "created_at": "2025-09-29T04:39:06.926Z", "updated_at": "2025-09-29T04:39:06.926Z"}}, {"model": "profiles.profile", "pk": 3, "fields": {"user": 7, "main_goal": null, "routine_time": null, "created_at": "2025-09-29T04:40:36.048Z", "updated_at": "2025-09-29T04:40:36.048Z"}}, {"model": "profiles.profile", "pk": 4, "fields": {"user": 8, "main_goal": null, "routine_time": null, "created_at": "2025-09-29T04:44:51.333Z", "updated_at": "2025-09-29T04:44:51.333Z"}}, {"model": "profiles.profile", "pk": 5, "fields": {"user": 9, "main_goal": null, "routine_time": null, "created_at": "2025-09-29T04:45:58.236Z", "updated_at": "2025-09-29T04:45:58.236Z"}}, {"model": "profiles.profile", "pk": 6, "fields": {"user": 10, "main_goal": "relax", "routine_time": "16:44:00", "created_at": "2025-09-29T05:44:00.411Z", "updated_at": "2025-09-29T05:44:13.087Z"}}, {"model": "profiles.profile", "pk": 7, "fields": {"user": 11, "main_goal": "energy", "routine_time": "18:37:00", "created_at": "2025-09-29T06:36:57.354Z", "updated_at": "2025-09-29T06:37:05.796Z"}}, {"model": "profiles.profile", "pk": 8, "fields": {"user": 3, "main_goal": "relax", "routine_time": "16:44:00", "created_at": "2025-10-01T07:19:42Z", "updated_at": "2025-10-01T07:19:42Z"}}, {"model": "profiles.profile", "pk": 9, "fields": {"user": 12, "main_goal": "relax", "routine_time": "09:29:00", "created_at": "2025-09-30T22:29:50.608Z", "updated_at": "2025-09-30T22:29:57.738Z"}}, {"model": "profiles.profile", "pk": 10, "fields": {"user": 13, "main_goal": "relax", "routine_time": "08:59:00", "created_at": "2025-09-30T22:59:09.689Z", "updated_at": "2025-09-30T22:59:15.017Z"}}, {"model": "profiles.profile", "pk": 11, "fields": {"user": 14, "main_goal": null, "routine_time": null, "created_at": "2025-10-01T04:40:59.213Z", "updated_at": "2025-10-01T04:40:59.213Z"}}, {"model": "profiles.profile", "pk": 12, "fields": {"user": 15, "main_goal": null, "routine_time": null, "created_at": "2025-10-01T05:10:42.062Z", "updated_at": "2025-10-01T05:10:42.062Z"}}, {"model": "profiles.profile", "pk": 13, "fields": {"user": 16, "main_goal": null, "routine_time": null, "created_at": "2025-10-01T05:12:02.558Z", "updated_at": "2025-10-01T05:12:02.558Z"}}, {"model": "profiles.profile", "pk": 14, "fields": {"user": 17, "main_goal": null, "routine_time": null, "created_at": "2025-10-01T05:36:47.914Z", "updated_at": "2025-10-01T05:36:47.914Z"}}, {"model": "profiles.profile", "pk": 15, "fields": {"user": 18, "main_goal": null, "routine_time": null, "created_at": "2025-10-01T14:01:07.281Z", "updated_at": "2025-10-01T14:01:07.281Z"}}, {"model": "profiles.profile", "pk": 16, "fields": {"user": 19, "main_goal": null, "routine_time": null, "created_at": "2025-10-01T14:02:53.793Z", "updated_at": "2025-10-01T14:02:53.793Z"}}, {"model": "profiles.profile", "pk": 17, "fields": {"user": 20, "main_goal": "relax", "routine_time": "19:59:00", "created_at": "2025-10-02T07:59:29.881Z", "updated_at": "2025-10-02T07:59:36.561Z"}}, {"model": "profiles.profile", "pk": 18, "fields": {"user": 21, "main_goal": "relax", "routine_time": "20:25:00", "created_at": "2025-10-02T08:25:12.298Z", "updated_at": "2025-10-02T08:25:19.599Z"}}, {"model": "profiles.profile", "pk": 19, "fields": {"user": 22, "main_goal": null, "routine_time": null, "created_at": "2025-10-02T16:58:54.729Z", "updated_at": "2025-10-02T16:58:54.729Z"}}]